{
  "meta": {
    "test_name": "YLYW 50物体零样本基线",
    "total_objects": 50,
    "reasonable_rate": 0.9,
    "wrong_rate": 0.0,
    "timing_seconds": 0.08417677879333496,
    "timestamp": "2026-06-01 09:49:47"
  },
  "summary_by_type": {
    "bottle": {
      "count": 6,
      "reasonable": 6,
      "wrong": 0,
      "rate": 1.0
    },
    "bowl": {
      "count": 6,
      "reasonable": 5,
      "wrong": 0,
      "rate": 0.8333333333333334
    },
    "cube": {
      "count": 7,
      "reasonable": 7,
      "wrong": 0,
      "rate": 1.0
    },
    "cylinder": {
      "count": 6,
      "reasonable": 5,
      "wrong": 0,
      "rate": 0.8333333333333334
    },
    "plate": {
      "count": 6,
      "reasonable": 6,
      "wrong": 0,
      "rate": 1.0
    },
    "rock": {
      "count": 6,
      "reasonable": 3,
      "wrong": 0,
      "rate": 0.5
    },
    "sphere": {
      "count": 7,
      "reasonable": 7,
      "wrong": 0,
      "rate": 1.0
    },
    "vase": {
      "count": 6,
      "reasonable": 6,
      "wrong": 0,
      "rate": 1.0
    }
  },
  "wrong_cases": [],
  "strategy_distribution": {
    "conditional_grasp": 3,
    "top_down_grasp": 4,
    "endurance_grasp": 5,
    "progressive_grasp": 10,
    "tactile_feedback_grasp": 3,
    "low_visibility_grasp": 6,
    "extrication_grasp": 1,
    "following_grasp": 6,
    "robust_power_grasp": 2,
    "corrective_grasp": 3,
    "coordinated_grasp": 5,
    "interlocking_grasp": 1,
    "direct_grasp": 1
  },
  "trigram_distribution": {
    "ZHEN": 11,
    "GEN": 9,
    "XUN": 11,
    "QIAN": 6,
    "KAN": 3,
    "DUI": 1,
    "LI": 9
  },
  "hexagram_distribution": {
    "水天需": 3,
    "地泽临": 4,
    "雷风恒": 5,
    "风天小畜": 5,
    "泽山咸": 3,
    "地火明夷": 6,
    "雷水解": 1,
    "火地晋": 5,
    "泽雷随": 6,
    "雷天大壮": 2,
    "山风蛊": 3,
    "风火家人": 5,
    "火雷噬嗑": 1,
    "天雷无妄": 1
  },
  "match_scores": [
    0.9710598839850795,
    0.9769859840544316,
    0.9811828901989751,
    0.9819446615248093,
    0.9662250882719822,
    0.9711275165336739,
    0.9718909838088191,
    0.9677490676094812,
    0.9599237077488679,
    0.9810591882462363,
    0.9836061092997284,
    0.9866771530304751,
    0.9820309709022795,
    0.9893073534090262,
    0.9787606404674918,
    0.970305713244066,
    0.981086955456367,
    0.9749288706795466,
    0.9948719603012527,
    0.9901914831299946,
    0.9425622227140174,
    0.9874834912861917,
    0.9811177947287595,
    0.970674305834745,
    0.9785212428980649,
    0.9810705792874874,
    0.9762020322468845,
    0.9742198920881499,
    0.9707348704117449,
    0.9909500346208536,
    0.9779043453908075,
    0.9655388658524959,
    0.9818093153287087,
    0.9909730436459159,
    0.9758411610454059,
    0.9617610237615118,
    0.9815869512172937,
    0.9915597297526456,
    0.984230483470039,
    0.9762410749768747,
    0.9569388152621421,
    0.9775144911694809,
    0.9773483890323191,
    0.9898228141706013,
    0.9684931552024805,
    0.9473490154727595,
    0.9893165201419984,
    0.9773878468622162,
    0.9830270374465772,
    0.9785567210675122
  ]
}