{
  "experiment": "safety_bagua_ablation",
  "n_objects": 304,
  "configs": {
    "\u5b8c\u6574\u5b89\u5168\u516b\u5366": {
      "level_counts": {
        "SAFE": 118,
        "CAUTION": 1,
        "WARNING": 185,
        "DANGER": 0,
        "CRITICAL": 0
      },
      "force_mod_mean": 0.8781249999999999,
      "force_mod_std": 0.09745159476564977,
      "fragile_mod_mean": 0.7999999999999999
    },
    "\u2212\u4e8c\u723b\u9ad8\u6743\u91cd": {
      "level_counts": {
        "SAFE": 118,
        "CAUTION": 186,
        "WARNING": 0,
        "DANGER": 0,
        "CRITICAL": 0
      },
      "force_mod_mean": 0.9694078947368421,
      "force_mod_std": 0.024366541788398345,
      "fragile_mod_mean": 0.9500000000000001
    },
    "\u2212\u723b\u4f4d\u52a0\u6743": {
      "level_counts": {
        "SAFE": 118,
        "CAUTION": 186,
        "WARNING": 0,
        "DANGER": 0,
        "CRITICAL": 0
      },
      "force_mod_mean": 0.9694078947368421,
      "force_mod_std": 0.024366541788398345,
      "fragile_mod_mean": 0.9500000000000001
    },
    "\u2212\u5b89\u5168\u516b\u5366": {
      "level_counts": {
        "SAFE": 304,
        "CAUTION": 0,
        "WARNING": 0,
        "DANGER": 0,
        "CRITICAL": 0
      },
      "force_mod_mean": 1.0,
      "force_mod_std": 0.0,
      "fragile_mod_mean": 1.0
    }
  }
}