{
  "meta": {
    "experiment": "ablation_study",
    "n_objects": 300,
    "timestamp": "2026-06-01 13:03:34"
  },
  "results": {
    "A": {
      "delta": 0.33599999999999985,
      "control_mean": 0.5766666666666665,
      "ablation_mean": 0.24066666666666667
    },
    "B": {
      "delta": 0.1266666666666666,
      "control_mean": 0.5766666666666665,
      "ablation_mean": 0.44999999999999996
    },
    "C": {
      "delta": 0.22999999999999987,
      "control_mean": 0.5766666666666665,
      "ablation_mean": 0.3466666666666667
    }
  }
}