{
  "meta": {
    "version": "v3_calibration_layer",
    "n_demos": 24,
    "n_demos_per_type": 3,
    "n_eval": 200,
    "timestamp": "2026-05-31 20:22:45"
  },
  "baseline": {
    "total": 200,
    "reasonable_rate": 0.385,
    "exact_rate": 0.0,
    "by_type": {
      "cube": {
        "count": 37,
        "rate": 0.0
      },
      "bottle": {
        "count": 19,
        "rate": 1.0
      },
      "plate": {
        "count": 23,
        "rate": 0.0
      },
      "cylinder": {
        "count": 22,
        "rate": 0.0
      },
      "vase": {
        "count": 24,
        "rate": 0.0
      },
      "rock": {
        "count": 32,
        "rate": 1.0
      },
      "sphere": {
        "count": 26,
        "rate": 1.0
      },
      "bowl": {
        "count": 17,
        "rate": 0.0
      }
    }
  },
  "after": {
    "total": 200,
    "reasonable_rate": 0.39,
    "exact_rate": 0.005,
    "by_type": {
      "cube": {
        "count": 37,
        "rate": 0.02702702702702703
      },
      "bottle": {
        "count": 19,
        "rate": 1.0
      },
      "plate": {
        "count": 23,
        "rate": 0.0
      },
      "cylinder": {
        "count": 22,
        "rate": 0.0
      },
      "vase": {
        "count": 24,
        "rate": 0.0
      },
      "rock": {
        "count": 32,
        "rate": 1.0
      },
      "sphere": {
        "count": 26,
        "rate": 1.0
      },
      "bowl": {
        "count": 17,
        "rate": 0.0
      }
    }
  },
  "cv": {
    "mean": 0.3566666666666667,
    "std": 0.06944222218666553
  },
  "calibration": {
    "W_diag": [
      1.1815199805350218,
      0.7385765766142223,
      1.1517246889337565,
      1.0121123977007607,
      1.21434081709296,
      0.9769534341533312,
      1.0226491347719457,
      1.2267861966323035,
      1.0313180644576612,
      0.8259833602609185,
      1.1007287920183957,
      0.7296169804273722,
      0.9333112191419736
    ],
    "b": [
      0.1144537455936537,
      0.0282258069179509,
      -0.12911056711187585,
      -0.06308612950917823,
      0.16750823725051883,
      -0.17412353593726887,
      0.10314086435034407,
      -0.11813596477317113,
      -0.10617000755646189,
      0.056579504713151645,
      -0.13196312255872605,
      -0.04411938907238978,
      -0.03495134822491128
    ]
  }
}