{
  "12": [
    0.9219590461105807,
    0.8346130664533506,
    0.785179413531945,
    0.9330812439867338,
    0.7778403641380749,
    0.791102844029867
  ],
  "15": [
    0.917370810816463,
    0.862024831159233,
    0.7635323547084156,
    0.9227283028102632,
    0.7930168347263101,
    0.7752204910886905
  ],
  "52": [
    0.9172531637576395,
    0.8354365958651153,
    0.7705911782378273,
    0.9102577145749691,
    0.7738403641380749,
    0.793102844029867
  ],
  "2": [
    0.511474148786149,
    0.29983422999014747,
    0.35411813246314516,
    0.5463227612331061,
    0.7469648864721495,
    0.5458953719281314
  ],
  "8": [
    0.7310027551766839,
    0.7357331233888355,
    0.6965255899135889,
    0.6730004139570384,
    0.7038947673644869,
    0.7883005903434108
  ],
  "19": [
    0.7110027551766839,
    0.7091448880947179,
    0.6745255899135889,
    0.675823943368803,
    0.692365355599781,
    0.7873594138728226
  ],
  "26": [
    0.7165321669413898,
    0.7210272410358943,
    0.6725255899135889,
    0.6833533551335089,
    0.6804830026586045,
    0.7820652962257638
  ],
  "31": [
    0.7300615787060957,
    0.7199684175064825,
    0.6771138252077066,
    0.6592357080746855,
    0.7037771203056633,
    0.7787711785787049
  ],
  "41": [
    0.713473343411978,
    0.7100860645653061,
    0.686996178148883,
    0.6666474727805678,
    0.6833065320703692,
    0.7979476491669403
  ],
  "45": [
    0.7200615787060957,
    0.7229095939770708,
    0.6759373546194712,
    0.6794710021923325,
    0.6877771203056633,
    0.7817123550492932
  ],
  "48": [
    0.7191204022355073,
    0.7129095939770708,
    0.6845255899135889,
    0.683588649251156,
    0.6958947673644869,
    0.7878300021081167
  ],
  "53": [
    0.7327674610590368,
    0.7126742998594238,
    0.6839373546194712,
    0.6580592374864501,
    0.6773065320703692,
    0.7907711785787049
  ],
  "60": [
    0.7081792257649191,
    0.7125566528006002,
    0.6677020605018241,
    0.6567651198393913,
    0.6933065320703692,
    0.7748888256375285
  ],
  "11": [
    0.6407789556270382,
    0.6924478933473495,
    0.6431650541269464,
    0.620745964419404,
    0.6516948742477774,
    0.7540520495441595
  ],
  "13": [
    0.6520730732740971,
    0.6936243639355848,
    0.647753289421064,
    0.614745964419404,
    0.6488713448360127,
    0.7345226377794537
  ],
  "17": [
    0.6420730732740971,
    0.7184478933473495,
    0.6471650541269464,
    0.6182753761841099,
    0.6498125213066009,
    0.7509932260147478
  ],
  "22": [
    0.6503083673917441,
    0.7156243639355847,
    0.6330474070681229,
    0.6375694938311687,
    0.6553419330713068,
    0.7581696966029831
  ],
  "30": [
    0.6350142497446853,
    0.6930361286414671,
    0.6279885835387111,
    0.6339224350076393,
    0.6429889918948362,
    0.7311108730735713
  ],
  "32": [
    0.6405436615093912,
    0.7020949521708788,
    0.645753289421064,
    0.6410989055958746,
    0.6548713448360126,
    0.7478167554265125
  ],
  "35": [
    0.6321907203329207,
    0.6969184815826436,
    0.6279885835387111,
    0.6376871408899922,
    0.6274595801301304,
    0.7448755789559243
  ],
  "37": [
    0.6483083673917441,
    0.71280083452382,
    0.6445768188328288,
    0.6392165526546981,
    0.6404007566007186,
    0.7420520495441595
  ],
  "43": [
    0.631602485038803,
    0.7173890698179377,
    0.6248121129504758,
    0.6248636114782276,
    0.655812521306601,
    0.745934402485336
  ],
  "50": [
    0.6514848379799795,
    0.7137420109944083,
    0.6443415247151817,
    0.6256871408899922,
    0.6318125213066009,
    0.7525226377794536
  ],
  "56": [
    0.647602485038803,
    0.7017420109944082,
    0.6284591717740052,
    0.6295694938311688,
    0.6329889918948362,
    0.7598167554265125
  ],
  "58": [
    0.6408966026858618,
    0.7185655404061729,
    0.6285768188328288,
    0.6393341997135217,
    0.6386360507183656,
    0.7415814613088654
  ],
  "61": [
    0.64383777915645,
    0.6970361286414671,
    0.6501062305975347,
    0.6186283173605805,
    0.6411066389536597,
    0.7525226377794536
  ],
  "14": [
    0.5977728975524673,
    0.7366916184387844,
    0.6753703277256178,
    0.5212526003203899,
    0.533091642598501,
    0.777382866106444
  ],
  "21": [
    0.5848317210818791,
    0.7261033831446667,
    0.6971350336079707,
    0.5056055414968604,
    0.5457975249514422,
    0.7712652190476205
  ],
  "25": [
    0.5944787799054085,
    0.7204563243211373,
    0.6837232689020883,
    0.5058408356145075,
    0.5434445837749715,
    0.7617358072829146
  ],
  "33": [
    0.580596426964232,
    0.7206916184387844,
    0.6976056218432648,
    0.5283114238498017,
    0.5532092896573245,
    0.779382866106444
  ],
  "42": [
    0.5967140740230555,
    0.7401033831446667,
    0.694546798313853,
    0.5324290709086251,
    0.5365034073043833,
    0.7555005131652676
  ],
  "55": [
    0.5990670151995261,
    0.7225739713799608,
    0.6780762100785589,
    0.5123114238498017,
    0.5415622308337951,
    0.7770299249299734
  ],
  "16": [
    0.5654105642532754,
    0.713994205497429,
    0.728251558099078,
    0.5070876062423286,
    0.47783345303595876,
    0.7491978028714749
  ],
  "54": [
    0.561528211312099,
    0.7204647937327231,
    0.738251558099078,
    0.5143817238893874,
    0.5014805118594882,
    0.7417860381655925
  ],
  "1": [
    0.4621005322705663,
    0.7928813358335344,
    0.7577077115702173,
    0.4231244972880648,
    0.43749376184340666,
    0.8002889821851114
  ],
  "34": [
    0.4657475910940957,
    0.781469571127652,
    0.7655900645113938,
    0.4237127325821824,
    0.4477290559610537,
    0.7905242763027585
  ],
  "51": [
    0.4437475910940957,
    0.7757048652452991,
    0.7501782998055114,
    0.42335979140571184,
    0.43267023243164193,
    0.7951125115968761
  ],
  "4": [
    0.28126009662895635,
    0.3028369989196955,
    0.2870311102845206,
    0.21424796836704862,
    0.7507879038591678,
    0.2530534483370196
  ],
  "5": [
    0.28584833192307396,
    0.30979582244910725,
    0.2727311102845206,
    0.21470679189646039,
    0.754758492094462,
    0.2502240365723137
  ],
  "9": [
    0.27368950839366224,
    0.30811346950793084,
    0.2789252279315794,
    0.22074796836704863,
    0.7323643744474031,
    0.23791227186643135
  ],
  "10": [
    0.28454833192307394,
    0.309719351860872,
    0.27341934557863823,
    0.21294796836704863,
    0.7253761391532856,
    0.24701227186643135
  ],
  "20": [
    0.2800365672171916,
    0.311554645978519,
    0.2724252279315794,
    0.2056067918964604,
    0.7302996685650501,
    0.23454756598407842
  ],
  "27": [
    0.2685659789818975,
    0.3107899400961661,
    0.27426052204922646,
    0.20621855660234276,
    0.7606349626826973,
    0.23829462480760782
  ],
  "36": [
    0.27032480251130925,
    0.30857229303734257,
    0.26974875734334414,
    0.222659733072931,
    0.7622231979768149,
    0.2420416836311372
  ],
  "62": [
    0.2736130378054269,
    0.3119369989196955,
    0.27823699263746177,
    0.21784208601410746,
    0.7353820215062267,
    0.2420416836311372
  ],
  "7": [
    0.17622616083793788,
    0.28010349954362457,
    0.22584500806890925,
    0.14833425283122867,
    0.34395635807210106,
    0.5515869125479083
  ],
  "24": [
    0.1630496902497026,
    0.30610349954362454,
    0.22513912571596809,
    0.15115778224299337,
    0.3272504757191599,
    0.52464573607732
  ],
  "28": [
    0.16540263142617317,
    0.30492702895538926,
    0.21019794924537985,
    0.16539307636064043,
    0.3381916521897481,
    0.5492339713714377
  ],
  "29": [
    0.17234380789676143,
    0.2976329113083304,
    0.21913912571596808,
    0.14033425283122866,
    0.339721063954454,
    0.5257045596067318
  ],
  "40": [
    0.18457910201440847,
    0.2858682054259775,
    0.21619794924537983,
    0.13880484106652277,
    0.32642694630739516,
    0.5352339713714377
  ],